<?xml version="1.0" encoding="UTF-8"?>
<plugin_manifest xmlns="http://www.elgg.org/plugin_manifest/1.8">
	<name>The Wire</name>
	<id>thewire</id>
	<author>JHU/APL and core developers</author>
	<version>1.9</version>
	<category>bundled</category>
	<category>content</category>
	<category>widget</category>
	<description>Microblogging for Elgg</description>
	<website>http://www.elgg.org/</website>
	<copyright>See COPYRIGHT.txt</copyright>
	<license>GNU General Public License version 2</license>
	<requires>
		<type>elgg_release</type>
		<version>1.9</version>
	</requires>
	<activate_on_install>true</activate_on_install>
</plugin_manifest>
