<?xml version="1.0" encoding="UTF-8"?>
<plugin_manifest xmlns="http://www.elgg.org/plugin_manifest/1.8">
	<name>File</name>
	<id>file</id>
	<author>Core developers</author>
	<version>1.9</version>
	<category>bundled</category>
	<category>content</category>
	<category>widget</category>
	<description>Adds file sharing to Elgg</description>
	<website>http://www.elgg.org/</website>
	<copyright>See COPYRIGHT.txt</copyright>
	<license>GNU General Public License version 2</license>
	<requires>
		<type>elgg_release</type>
		<version>1.9</version>
	</requires>
	<provides>
		<type>plugin</type>
		<name>file_uploading</name>
	</provides>
	<activate_on_install>true</activate_on_install>
</plugin_manifest>
