{
    "_config_name": "system.performance",
    "_config_static": true,
    "action_recursion_limit": 35,
    "active_menus_default": [],
    "admin_theme": "",
    "anonymous": "Anonymous",
    "cache": 0,
    "canonical_secure": 0,
    "clean_url": 0,
    "config_sync_batch_size": 20,
    "cron_threshold_warning": 172800,
    "cron_safe_threshold": 10800,
    "cron_max_threshold": 10800,
    "cron_threshold_error": 1209600,
    "default_nodes_main": 10,
    "error_level": "hide",
    "field_purge_batch_size": 200,
    "file_default_allowed_extensions": "jpg jpeg gif png txt doc docx xls xlsx pdf ppt pptx pps ppsx odt ods odp mp3 mov mp4 m4a m4v mpeg avi ogg oga ogv weba webp webm",
    "file_default_scheme": "public",
    "file_private_path": "",
    "file_public_path": "files",
    "file_temporary_path": "",
    "file_transliterate_lowercase": 0,
    "file_transliterate_uploads": 1,
    "file_transliterate_uploads_display_name": 0,
    "filter_fallback_format": "plain_text",
    "form_cache_expiration": 21600,
    "image_toolkit": "gd",
    "image_jpeg_quality": "75",
    "image_style_flood_limit": 5,
    "install_profile": "",
    "language_count": 1,
    "language_default": "en",
    "log_row_limit": 1000,
    "log_identity": "backdrop",
    "log_facility": "",
    "log_format": "!base_url|!timestamp|!type|!ip|!request_uri|!referer|!uid|!link|!message",
    "maintenance_mode_message": "[site:name] is currently under maintenance. We should be back shortly. Thank you for your patience.",
    "maintenance_page_maximum_age": 10,
    "maintenance_theme": null,
    "menu_route_handler": null,
    "node_admin_theme": "",
    "page_cache_maximum_age": 300,
    "page_cache_background_fetch": 1,
    "page_cache_keep_stale_age": 172800,
    "page_compression": 1,
    "preprocess_css": 0,
    "preprocess_js": 0,
    "rss_description": "",
    "rss_limit":  10,
    "rss_viewmode": "fulltext",
    "site_403": "",
    "site_404": "",
    "site_favicon_theme": 0,
    "site_favicon_path": "core/misc/favicon.ico",
    "site_favicon_mimetype": "image/vnd.microsoft.icon",
    "site_frontpage": "node",
    "site_name": "Backdrop CMS",
    "site_logo_theme": 0,
    "site_logo_path": "",
    "site_mail": "",
    "site_slogan": "",
    "theme_default": "stark",
    "theme_debug": 0,
    "user_admin_role": "",
    "user_cancel_method": "user_cancel_block",
    "user_email_verification": 1,
    "user_email_match": 1,
    "user_login_method": "username_or_email",
    "user_mail_status_activated_notify": 1,
    "user_mail_status_blocked_notify": 0,
    "user_mail_status_canceled_notify": 0,
    "user_register": "admin_only",
    "user_signatures": 0,
    "user_password_reset_timeout": 86400,
    "user_pictures": 1,
    "user_picture_path": "pictures",
    "user_picture_default": "",
    "user_picture_style": "thumbnail",
    "user_picture_dimensions": "1024x1024",
    "user_picture_file_size": "800",
    "user_picture_guidelines": "",
    "watchdog_enabled_severity_levels": [0, 1, 2, 3, 4, 5, 6],
    "x_frame_options": "SAMEORIGIN"
}
